servico,sentido,data,tamanho,duracao_min,horarios,veiculos,hora_inicio,faixa,em_pico,veredicto
100,Volta,2025-01-02,2,2,09:07 → 09:09,A41140 → A41147,9,Manhã Pico (06h–09h),True,JUSTIFICÁVEL
100,Volta,2026-04-04,2,2,08:41 → 08:43,A71523 → A71581,8,Manhã Pico (06h–09h),True,JUSTIFICÁVEL
107,Ida,2025-01-23,2,2,07:19 → 07:21,A63533 → A63512,7,Manhã Pico (06h–09h),True,JUSTIFICÁVEL
107,Volta,2025-04-07,2,3,21:38 → 21:41,A63533 → A63515,21,Noite (20h–22h),False,NÃO JUSTIFICÁVEL
107,Volta,2025-07-23,2,0,08:14 → 08:14,B63040 → B63014,8,Manhã Pico (06h–09h),True,JUSTIFICÁVEL
108,Ida,2025-03-18,2,1,07:00 → 07:01,A41146 → A41300,7,Manhã Pico (06h–09h),True,JUSTIFICÁVEL
108,Volta,2025-02-03,2,2,05:16 → 05:18,A41218 → A41257,5,Madrugada (00h–05h),False,NÃO JUSTIFICÁVEL
110,Ida,2025-01-28,2,1,12:19 → 12:20,C41263 → A41064,12,Almoço (12h–13h),False,NÃO JUSTIFICÁVEL
110,Volta,2025-03-24,2,3,08:30 → 08:33,A41410 → A41376,8,Manhã Pico (06h–09h),True,JUSTIFICÁVEL
112,Ida,2025-06-20,2,1,18:41 → 18:42,A41063 → A41060,18,Tarde Pico (17h–19h),True,JUSTIFICÁVEL
112,Ida,2025-09-02,2,1,15:04 → 15:05,A41060 → A41459,15,Tarde Fora-Pico (14h–16h),False,NÃO JUSTIFICÁVEL
112,Ida,2025-09-03,2,0,15:18 → 15:18,A41307 → A41062,15,Tarde Fora-Pico (14h–16h),False,NÃO JUSTIFICÁVEL
112,Ida,2025-12-01,2,3,13:02 → 13:05,A41368 → C41262,13,Almoço (12h–13h),False,NÃO JUSTIFICÁVEL
117,Ida,2025-05-27,2,0,15:24 → 15:24,A72028 → A72034,15,Tarde Fora-Pico (14h–16h),False,NÃO JUSTIFICÁVEL
117,Ida,2025-09-03,2,2,06:07 → 06:09,A72028 → A48082,6,Manhã Pico (06h–09h),True,JUSTIFICÁVEL
117,Ida,2025-11-04,2,3,19:14 → 19:17,A48115 → A48029,19,Tarde Pico (17h–19h),True,JUSTIFICÁVEL
117,Volta,2025-04-28,2,3,15:43 → 15:46,A72049 → A72028,15,Tarde Fora-Pico (14h–16h),False,NÃO JUSTIFICÁVEL
117,Volta,2025-12-21,2,3,06:39 → 06:42,A72055 → A48115,6,Manhã Pico (06h–09h),True,JUSTIFICÁVEL
133,Ida,2025-06-23,2,3,08:14 → 08:17,A71627 → A71585,8,Manhã Pico (06h–09h),True,JUSTIFICÁVEL
133,Ida,2026-04-09,2,3,20:03 → 20:06,A71625 → A48091,20,Noite (20h–22h),False,NÃO JUSTIFICÁVEL
202,Ida,2025-08-19,2,2,07:13 → 07:15,A48034 → A48043,7,Manhã Pico (06h–09h),True,JUSTIFICÁVEL
202,Ida,2025-10-01,2,2,07:54 → 07:56,A48043 → A48080,7,Manhã Pico (06h–09h),True,JUSTIFICÁVEL
202,Volta,2025-10-08,2,1,11:34 → 11:35,A48152 → A48080,11,Manhã Fora-Pico (10h–11h),False,NÃO JUSTIFICÁVEL
217,Ida,2025-06-06,2,1,11:45 → 11:46,A71516 → A71556,11,Manhã Fora-Pico (10h–11h),False,NÃO JUSTIFICÁVEL
220,Volta,2024-11-28,2,1,17:28 → 17:29,A50150 → A50168,17,Tarde Pico (17h–19h),True,JUSTIFICÁVEL
220,Volta,2025-09-22,2,3,13:04 → 13:07,A50093 → A50096,13,Almoço (12h–13h),False,NÃO JUSTIFICÁVEL
232,Ida,2025-02-21,2,3,13:46 → 13:49,B25531 → B25516,13,Almoço (12h–13h),False,NÃO JUSTIFICÁVEL
232,Ida,2025-03-14,2,3,06:32 → 06:35,B25531 → B25541,6,Manhã Pico (06h–09h),True,JUSTIFICÁVEL
232,Ida,2025-07-21,2,3,14:39 → 14:42,B25514 → B25523,14,Tarde Fora-Pico (14h–16h),False,NÃO JUSTIFICÁVEL
232,Ida,2025-10-30,2,3,06:03 → 06:06,B25522 → B25505,6,Manhã Pico (06h–09h),True,JUSTIFICÁVEL
232,Ida,2025-11-04,2,1,06:02 → 06:03,B25531 → B25505,6,Manhã Pico (06h–09h),True,JUSTIFICÁVEL
232,Volta,2025-01-06,2,3,12:26 → 12:29,B25542 → B25528,12,Almoço (12h–13h),False,NÃO JUSTIFICÁVEL
232,Volta,2025-04-04,2,3,11:07 → 11:10,B25529 → B25526,11,Manhã Fora-Pico (10h–11h),False,NÃO JUSTIFICÁVEL
232,Volta,2025-05-27,2,3,10:39 → 10:42,B25502 → B25513,10,Manhã Fora-Pico (10h–11h),False,NÃO JUSTIFICÁVEL
232,Volta,2025-06-25,2,2,10:59 → 11:01,B25502 → B25531,10,Manhã Fora-Pico (10h–11h),False,NÃO JUSTIFICÁVEL
232,Volta,2025-08-21,2,3,09:32 → 09:35,B25535 → B25524,9,Manhã Pico (06h–09h),True,JUSTIFICÁVEL
232,Volta,2025-10-23,2,2,07:45 → 07:47,B25511 → B25501,7,Manhã Pico (06h–09h),True,JUSTIFICÁVEL
232,Volta,2025-11-17,2,1,15:06 → 15:07,B25503 → B25531,15,Tarde Fora-Pico (14h–16h),False,NÃO JUSTIFICÁVEL
232,Volta,2025-11-26,2,3,08:55 → 08:58,B25505 → B25525,8,Manhã Pico (06h–09h),True,JUSTIFICÁVEL
232,Volta,2026-02-23,2,2,13:34 → 13:36,B25525 → B25524,13,Almoço (12h–13h),False,NÃO JUSTIFICÁVEL
232,Volta,2026-02-25,2,2,06:04 → 06:06,B25529 → B25503,6,Manhã Pico (06h–09h),True,JUSTIFICÁVEL
232,Volta,2026-03-13,2,2,08:05 → 08:07,B25504 → B25518,8,Manhã Pico (06h–09h),True,JUSTIFICÁVEL
232,Volta,2026-03-16,2,0,06:07 → 06:07,B25502 → B25503,6,Manhã Pico (06h–09h),True,JUSTIFICÁVEL
2336,Ida,2025-02-25,2,1,06:21 → 06:22,D87877 → D17520,6,Manhã Pico (06h–09h),True,JUSTIFICÁVEL
247,Volta,2025-03-20,2,1,07:25 → 07:26,B71062 → B71048,7,Manhã Pico (06h–09h),True,JUSTIFICÁVEL
247,Volta,2025-07-30,2,2,07:12 → 07:14,B71095 → B71062,7,Manhã Pico (06h–09h),True,JUSTIFICÁVEL
247,Volta,2026-01-29,2,2,07:23 → 07:25,B71058 → B71040,7,Manhã Pico (06h–09h),True,JUSTIFICÁVEL
249,Ida,2025-06-27,2,2,15:43 → 15:45,B25559 → B25560,15,Tarde Fora-Pico (14h–16h),False,NÃO JUSTIFICÁVEL
249,Ida,2025-07-09,2,3,16:51 → 16:54,B25545 → B25562,16,Tarde Fora-Pico (14h–16h),False,NÃO JUSTIFICÁVEL
249,Volta,2025-01-04,2,3,12:04 → 12:07,B25559 → B25560,12,Almoço (12h–13h),False,NÃO JUSTIFICÁVEL
249,Volta,2025-03-17,2,3,17:55 → 17:58,B25552 → B25561,17,Tarde Pico (17h–19h),True,JUSTIFICÁVEL
249,Volta,2025-05-28,2,2,07:07 → 07:09,B25556 → B25548,7,Manhã Pico (06h–09h),True,JUSTIFICÁVEL
249,Volta,2025-09-08,2,3,09:56 → 09:59,B25543 → B25553,9,Manhã Pico (06h–09h),True,JUSTIFICÁVEL
249,Volta,2025-10-14,2,3,18:54 → 18:57,B25569 → B25560,18,Tarde Pico (17h–19h),True,JUSTIFICÁVEL
292,Volta,2025-05-30,2,2,22:51 → 22:53,A29173 → A29015,22,Noite (20h–22h),False,NÃO JUSTIFICÁVEL
302,Ida,2025-06-27,2,1,10:10 → 10:11,C50033 → C50136,10,Manhã Fora-Pico (10h–11h),False,NÃO JUSTIFICÁVEL
309,Ida,2025-10-14,2,3,05:15 → 05:18,C41371 → C41089,5,Madrugada (00h–05h),False,NÃO JUSTIFICÁVEL
309,Volta,2025-02-06,2,3,07:27 → 07:30,A41436 → C41373,7,Manhã Pico (06h–09h),True,JUSTIFICÁVEL
309,Volta,2025-06-28,2,3,10:04 → 10:07,C41380 → A41378,10,Manhã Fora-Pico (10h–11h),False,NÃO JUSTIFICÁVEL
309,Volta,2025-11-24,2,0,08:10 → 08:10,C41010 → C41391,8,Manhã Pico (06h–09h),True,JUSTIFICÁVEL
312,Volta,2026-03-04,2,2,14:41 → 14:43,B58104 → B58093,14,Tarde Fora-Pico (14h–16h),False,NÃO JUSTIFICÁVEL
324,Volta,2026-01-07,2,2,08:37 → 08:39,B28577 → B28522,8,Manhã Pico (06h–09h),True,JUSTIFICÁVEL
324,Volta,2026-02-06,2,3,07:39 → 07:42,B28606 → B28582,7,Manhã Pico (06h–09h),True,JUSTIFICÁVEL
325,Volta,2026-03-24,2,0,22:17 → 22:17,B28620 → B28549,22,Noite (20h–22h),False,NÃO JUSTIFICÁVEL
328,Volta,2025-06-11,2,0,10:44 → 10:44,B10016 → B10040,10,Manhã Fora-Pico (10h–11h),False,NÃO JUSTIFICÁVEL
329,Ida,2025-06-21,2,3,05:09 → 05:12,B28547 → B28584,5,Madrugada (00h–05h),False,NÃO JUSTIFICÁVEL
343,Volta,2025-01-15,2,3,21:20 → 21:23,C30146 → C30375,21,Noite (20h–22h),False,NÃO JUSTIFICÁVEL
363,Ida,2025-12-12,2,3,06:25 → 06:28,B11531 → B11636,6,Manhã Pico (06h–09h),True,JUSTIFICÁVEL
363,Volta,2026-04-14,2,2,11:34 → 11:36,B11635 → B11621,11,Manhã Fora-Pico (10h–11h),False,NÃO JUSTIFICÁVEL
371,Ida,2024-11-27,2,2,21:08 → 21:10,C51568 → C51589,21,Noite (20h–22h),False,NÃO JUSTIFICÁVEL
371,Ida,2025-01-10,2,3,04:59 → 05:02,C51597 → C51600,4,Madrugada (00h–05h),False,NÃO JUSTIFICÁVEL
371,Ida,2025-01-22,2,2,19:26 → 19:28,C51613 → C51541,19,Tarde Pico (17h–19h),True,JUSTIFICÁVEL
371,Ida,2025-05-23,2,3,10:05 → 10:08,C51502 → C51575,10,Manhã Fora-Pico (10h–11h),False,NÃO JUSTIFICÁVEL
371,Ida,2025-06-06,2,1,04:49 → 04:50,C51589 → B51507,4,Madrugada (00h–05h),False,NÃO JUSTIFICÁVEL
371,Ida,2025-10-06,2,3,19:58 → 20:01,C51597 → C51629,19,Tarde Pico (17h–19h),True,JUSTIFICÁVEL
371,Ida,2025-11-05,2,3,05:59 → 06:02,C51541 → B51505,5,Madrugada (00h–05h),False,NÃO JUSTIFICÁVEL
371,Ida,2025-11-10,2,2,11:49 → 11:51,C51552 → C51597,11,Manhã Fora-Pico (10h–11h),False,NÃO JUSTIFICÁVEL
371,Ida,2025-12-05,2,3,19:44 → 19:47,C51538 → C51610,19,Tarde Pico (17h–19h),True,JUSTIFICÁVEL
371,Ida,2026-01-13,2,3,18:45 → 18:48,C51631 → C51624,18,Tarde Pico (17h–19h),True,JUSTIFICÁVEL
371,Ida,2026-02-10,2,3,13:38 → 13:41,C51568 → C51538,13,Almoço (12h–13h),False,NÃO JUSTIFICÁVEL
371,Volta,2024-11-12,2,3,05:13 → 05:16,C51572 → C51570,5,Madrugada (00h–05h),False,NÃO JUSTIFICÁVEL
371,Volta,2025-01-11,2,3,09:21 → 09:24,C51602 → C51616,9,Manhã Pico (06h–09h),True,JUSTIFICÁVEL
371,Volta,2025-01-30,2,3,21:13 → 21:16,C51552 → C51565,21,Noite (20h–22h),False,NÃO JUSTIFICÁVEL
371,Volta,2025-05-06,2,3,10:53 → 10:56,C51548 → C51631,10,Manhã Fora-Pico (10h–11h),False,NÃO JUSTIFICÁVEL
371,Volta,2025-06-04,2,1,12:30 → 12:31,C51588 → C51608,12,Almoço (12h–13h),False,NÃO JUSTIFICÁVEL
371,Volta,2025-06-23,2,3,13:15 → 13:18,C51532 → C51610,13,Almoço (12h–13h),False,NÃO JUSTIFICÁVEL
371,Volta,2025-10-16,2,3,09:19 → 09:22,C51633 → C51593,9,Manhã Pico (06h–09h),True,JUSTIFICÁVEL
371,Volta,2026-04-14,2,2,09:48 → 09:50,C51591 → C51610,9,Manhã Pico (06h–09h),True,JUSTIFICÁVEL
390,Volta,2025-11-28,2,0,08:52 → 08:52,C47686 → C47622,8,Manhã Pico (06h–09h),True,JUSTIFICÁVEL
395,Ida,2025-08-12,2,3,10:38 → 10:41,D13123 → D13235,10,Manhã Fora-Pico (10h–11h),False,NÃO JUSTIFICÁVEL
397,Ida,2025-07-12,2,2,18:48 → 18:50,D53541 → D53615,18,Tarde Pico (17h–19h),True,JUSTIFICÁVEL
410,Ida,2026-02-27,2,3,06:50 → 06:53,A72139 → A72065,6,Manhã Pico (06h–09h),True,JUSTIFICÁVEL
410,Volta,2025-03-02,2,3,21:25 → 21:28,A72061 → A72070,21,Noite (20h–22h),False,NÃO JUSTIFICÁVEL
410,Volta,2025-08-30,2,1,13:37 → 13:38,A72066 → A72004,13,Almoço (12h–13h),False,NÃO JUSTIFICÁVEL
415,Volta,2025-10-06,2,3,08:50 → 08:53,A48020 → A48019,8,Manhã Pico (06h–09h),True,JUSTIFICÁVEL
426,Ida,2026-01-14,2,1,17:54 → 17:55,A48021 → A48097,17,Tarde Pico (17h–19h),True,JUSTIFICÁVEL
435,Volta,2026-03-17,2,2,13:11 → 13:13,C50069 → A50088,13,Almoço (12h–13h),False,NÃO JUSTIFICÁVEL
455,Ida,2025-09-10,2,2,08:44 → 08:46,B71067 → B71044,8,Manhã Pico (06h–09h),True,JUSTIFICÁVEL
455,Volta,2025-03-09,2,2,08:38 → 08:40,B71004 → B71026,8,Manhã Pico (06h–09h),True,JUSTIFICÁVEL
457,Ida,2026-01-16,2,0,17:18 → 17:18,A29052 → B71032,17,Tarde Pico (17h–19h),True,JUSTIFICÁVEL
457,Volta,2025-02-23,2,2,14:53 → 14:55,B71029 → B71056,14,Tarde Fora-Pico (14h–16h),False,NÃO JUSTIFICÁVEL
457,Volta,2025-04-10,2,3,21:31 → 21:34,B32720 → A29180,21,Noite (20h–22h),False,NÃO JUSTIFICÁVEL
460,Volta,2025-01-31,2,0,14:40 → 14:40,A41461 → A41183,14,Tarde Fora-Pico (14h–16h),False,NÃO JUSTIFICÁVEL
460,Volta,2025-03-31,2,2,14:36 → 14:38,A41358 → A41176,14,Tarde Fora-Pico (14h–16h),False,NÃO JUSTIFICÁVEL
460,Volta,2025-05-14,2,2,16:44 → 16:46,A41454 → C41344,16,Tarde Fora-Pico (14h–16h),False,NÃO JUSTIFICÁVEL
460,Volta,2025-09-17,2,1,18:30 → 18:31,A41218 → A41027,18,Tarde Pico (17h–19h),True,JUSTIFICÁVEL
461,Volta,2025-07-24,2,0,08:53 → 08:53,A29154 → A29006,8,Manhã Pico (06h–09h),True,JUSTIFICÁVEL
476,Volta,2025-07-15,2,2,16:47 → 16:49,A29147 → A29069,16,Tarde Fora-Pico (14h–16h),False,NÃO JUSTIFICÁVEL
483,Ida,2025-10-01,2,3,13:19 → 13:22,B31002 → B31071,13,Almoço (12h–13h),False,NÃO JUSTIFICÁVEL
483,Ida,2026-03-03,2,3,08:26 → 08:29,B31083 → B31055,8,Manhã Pico (06h–09h),True,JUSTIFICÁVEL
485,Volta,2025-07-03,2,3,11:52 → 11:55,B31066 → B31026,11,Manhã Fora-Pico (10h–11h),False,NÃO JUSTIFICÁVEL
492,Volta,2026-03-27,2,2,05:05 → 05:07,B28534 → B28612,5,Madrugada (00h–05h),False,NÃO JUSTIFICÁVEL
497,Ida,2025-04-12,2,1,14:53 → 14:54,B31060 → B31075,14,Tarde Fora-Pico (14h–16h),False,NÃO JUSTIFICÁVEL
513,Ida,2025-05-23,2,2,09:44 → 09:46,A63511 → A29103,9,Manhã Pico (06h–09h),True,JUSTIFICÁVEL
513,Volta,2025-10-15,2,2,15:24 → 15:26,A63508 → A29103,15,Tarde Fora-Pico (14h–16h),False,NÃO JUSTIFICÁVEL
539,Ida,2025-06-06,2,3,06:22 → 06:25,A48058 → A71543,6,Manhã Pico (06h–09h),True,JUSTIFICÁVEL
539,Volta,2025-12-02,2,2,08:49 → 08:51,A48060 → A71542,8,Manhã Pico (06h–09h),True,JUSTIFICÁVEL
539,Volta,2025-12-17,2,3,12:21 → 12:24,A71625 → A71619,12,Almoço (12h–13h),False,NÃO JUSTIFICÁVEL
548,Volta,2025-05-23,2,0,09:43 → 09:43,A27549 → A27520,9,Manhã Pico (06h–09h),True,JUSTIFICÁVEL
550,Ida,2025-02-11,2,2,04:24 → 04:26,C30355 → C30302,4,Madrugada (00h–05h),False,NÃO JUSTIFICÁVEL
555,Volta,2025-12-23,2,2,07:32 → 07:34,C30191 → C30339,7,Manhã Pico (06h–09h),True,JUSTIFICÁVEL
565,Ida,2025-08-19,2,2,08:39 → 08:41,C30059 → C30237,8,Manhã Pico (06h–09h),True,JUSTIFICÁVEL
565,Ida,2025-10-23,2,1,08:46 → 08:47,C30238 → C30059,8,Manhã Pico (06h–09h),True,JUSTIFICÁVEL
565,Volta,2025-05-22,2,2,11:51 → 11:53,C30004 → C30273,11,Manhã Fora-Pico (10h–11h),False,NÃO JUSTIFICÁVEL
565,Volta,2026-02-11,2,2,21:37 → 21:39,C30023 → C30361,21,Noite (20h–22h),False,NÃO JUSTIFICÁVEL
606,Ida,2024-12-12,2,1,11:54 → 11:55,B25597 → B25598,11,Manhã Fora-Pico (10h–11h),False,NÃO JUSTIFICÁVEL
606,Ida,2025-01-08,2,1,11:02 → 11:03,B25616 → B25587,11,Manhã Fora-Pico (10h–11h),False,NÃO JUSTIFICÁVEL
606,Ida,2025-01-15,2,3,16:06 → 16:09,B25577 → B25585,16,Tarde Fora-Pico (14h–16h),False,NÃO JUSTIFICÁVEL
606,Ida,2025-08-18,2,3,15:32 → 15:35,B25589 → B25591,15,Tarde Fora-Pico (14h–16h),False,NÃO JUSTIFICÁVEL
606,Ida,2025-10-04,2,3,08:25 → 08:28,B25597 → B25574,8,Manhã Pico (06h–09h),True,JUSTIFICÁVEL
606,Ida,2025-11-22,2,3,08:57 → 09:00,B25598 → B25589,8,Manhã Pico (06h–09h),True,JUSTIFICÁVEL
606,Ida,2026-04-06,2,3,05:27 → 05:30,B25584 → B25571,5,Madrugada (00h–05h),False,NÃO JUSTIFICÁVEL
606,Volta,2024-12-27,2,2,18:16 → 18:18,B25587 → B25586,18,Tarde Pico (17h–19h),True,JUSTIFICÁVEL
606,Volta,2025-10-10,2,2,16:06 → 16:08,B25580 → B25613,16,Tarde Fora-Pico (14h–16h),False,NÃO JUSTIFICÁVEL
607,Volta,2024-11-06,2,2,23:49 → 23:51,C51630 → B51640,23,Noite Tardia (23h),False,NÃO JUSTIFICÁVEL
608,Ida,2025-11-21,2,3,06:42 → 06:45,A50108 → A50107,6,Manhã Pico (06h–09h),True,JUSTIFICÁVEL
608,Ida,2025-12-19,2,3,15:22 → 15:25,A50107 → C50090,15,Tarde Fora-Pico (14h–16h),False,NÃO JUSTIFICÁVEL
608,Volta,2025-05-21,2,3,08:25 → 08:28,A50005 → C50198,8,Manhã Pico (06h–09h),True,JUSTIFICÁVEL
613,Ida,2026-04-10,2,1,14:34 → 14:35,C47777 → C47771,14,Tarde Fora-Pico (14h–16h),False,NÃO JUSTIFICÁVEL
613,Volta,2025-12-05,2,1,08:40 → 08:41,C47879 → C47571,8,Manhã Pico (06h–09h),True,JUSTIFICÁVEL
613,Volta,2026-02-13,2,2,16:38 → 16:40,C47469 → C47479,16,Tarde Fora-Pico (14h–16h),False,NÃO JUSTIFICÁVEL
628,Ida,2024-04-21,2,3,16:38 → 16:41,B58082 → B58026,16,Tarde Fora-Pico (14h–16h),False,NÃO JUSTIFICÁVEL
628,Volta,2025-03-27,2,3,20:46 → 20:49,B58078 → B58074,20,Noite (20h–22h),False,NÃO JUSTIFICÁVEL
629,Ida,2025-02-05,2,1,20:04 → 20:05,C27167 → B27138,20,Noite (20h–22h),False,NÃO JUSTIFICÁVEL
629,Ida,2025-05-07,2,3,14:38 → 14:41,B27235 → C27221,14,Tarde Fora-Pico (14h–16h),False,NÃO JUSTIFICÁVEL
629,Ida,2025-07-15,2,3,15:16 → 15:19,B27239 → B27139,15,Tarde Fora-Pico (14h–16h),False,NÃO JUSTIFICÁVEL
629,Ida,2026-03-02,2,3,20:31 → 20:34,B27239 → B27039,20,Noite (20h–22h),False,NÃO JUSTIFICÁVEL
629,Volta,2025-03-11,2,2,16:40 → 16:42,B27232 → B27136,16,Tarde Fora-Pico (14h–16h),False,NÃO JUSTIFICÁVEL
629,Volta,2025-07-17,2,3,19:21 → 19:24,B27244 → B27020,19,Tarde Pico (17h–19h),True,JUSTIFICÁVEL
629,Volta,2025-08-21,2,3,16:51 → 16:54,B27143 → B27133,16,Tarde Fora-Pico (14h–16h),False,NÃO JUSTIFICÁVEL
629,Volta,2025-08-22,2,2,22:53 → 22:55,B27220 → B27241,22,Noite (20h–22h),False,NÃO JUSTIFICÁVEL
629,Volta,2025-11-19,2,1,19:04 → 19:05,B27249 → B27145,19,Tarde Pico (17h–19h),True,JUSTIFICÁVEL
638,Ida,2025-04-16,2,3,11:54 → 11:57,B44661 → C44669,11,Manhã Fora-Pico (10h–11h),False,NÃO JUSTIFICÁVEL
638,Volta,2025-03-22,2,3,11:26 → 11:29,B44636 → B44525,11,Manhã Fora-Pico (10h–11h),False,NÃO JUSTIFICÁVEL
639,Ida,2025-03-02,2,2,12:42 → 12:44,B27235 → B27251,12,Almoço (12h–13h),False,NÃO JUSTIFICÁVEL
639,Ida,2025-07-02,2,2,17:22 → 17:24,B27085 → B27007,17,Tarde Pico (17h–19h),True,JUSTIFICÁVEL
639,Ida,2025-07-29,2,3,06:21 → 06:24,B27105 → B27130,6,Manhã Pico (06h–09h),True,JUSTIFICÁVEL
639,Ida,2025-11-21,2,3,03:12 → 03:15,B27040 → B27225,3,Madrugada (00h–05h),False,NÃO JUSTIFICÁVEL
639,Volta,2025-01-15,2,1,10:14 → 10:15,B27047 → B27132,10,Manhã Fora-Pico (10h–11h),False,NÃO JUSTIFICÁVEL
639,Volta,2025-01-21,2,2,14:54 → 14:56,B27138 → B27128,14,Tarde Fora-Pico (14h–16h),False,NÃO JUSTIFICÁVEL
639,Volta,2025-02-25,2,2,11:54 → 11:56,B27235 → C27167,11,Manhã Fora-Pico (10h–11h),False,NÃO JUSTIFICÁVEL
639,Volta,2025-05-05,2,1,19:23 → 19:24,B27143 → B27061,19,Tarde Pico (17h–19h),True,JUSTIFICÁVEL
639,Volta,2025-10-30,2,1,15:57 → 15:58,C27034 → C27004,15,Tarde Fora-Pico (14h–16h),False,NÃO JUSTIFICÁVEL
639,Volta,2026-04-15,2,1,08:53 → 08:54,B27176 → C27171,8,Manhã Pico (06h–09h),True,JUSTIFICÁVEL
665,Ida,2025-10-08,2,2,08:48 → 08:50,B63018 → A63533,8,Manhã Pico (06h–09h),True,JUSTIFICÁVEL
665,Ida,2025-12-04,2,3,19:34 → 19:37,B63020 → B32556,19,Tarde Pico (17h–19h),True,JUSTIFICÁVEL
665,Ida,2025-12-31,2,2,13:27 → 13:29,B11586 → B63079,13,Almoço (12h–13h),False,NÃO JUSTIFICÁVEL
665,Volta,2025-10-23,2,3,20:27 → 20:30,B11586 → B63048,20,Noite (20h–22h),False,NÃO JUSTIFICÁVEL
679,Ida,2026-03-04,2,3,11:19 → 11:22,B58078 → B58147,11,Manhã Fora-Pico (10h–11h),False,NÃO JUSTIFICÁVEL
696,Volta,2026-02-14,2,2,09:09 → 09:11,B28594 → B28621,9,Manhã Pico (06h–09h),True,JUSTIFICÁVEL
712,Ida,2025-06-24,2,3,21:10 → 21:13,B44694 → C44664,21,Noite (20h–22h),False,NÃO JUSTIFICÁVEL
712,Volta,2024-12-11,2,3,20:56 → 20:59,C44511 → B44672,20,Noite (20h–22h),False,NÃO JUSTIFICÁVEL
712,Volta,2025-01-23,2,3,17:01 → 17:04,C44511 → B44603,17,Tarde Pico (17h–19h),True,JUSTIFICÁVEL
712,Volta,2025-06-02,2,2,17:47 → 17:49,B44577 → C44531,17,Tarde Pico (17h–19h),True,JUSTIFICÁVEL
712,Volta,2025-12-15,2,3,05:45 → 05:48,C44504 → C44520,5,Madrugada (00h–05h),False,NÃO JUSTIFICÁVEL
712,Volta,2026-01-22,2,2,15:43 → 15:45,B44508 → B44578,15,Tarde Fora-Pico (14h–16h),False,NÃO JUSTIFICÁVEL
764,Volta,2025-08-13,2,0,23:48 → 23:48,D13122 → D13115,23,Noite Tardia (23h),False,NÃO JUSTIFICÁVEL
766,Ida,2025-06-17,2,2,21:11 → 21:13,C30370 → C30207,21,Noite (20h–22h),False,NÃO JUSTIFICÁVEL
766,Ida,2026-03-19,2,1,11:28 → 11:29,C30147 → C30197,11,Manhã Fora-Pico (10h–11h),False,NÃO JUSTIFICÁVEL
766,Volta,2025-08-19,2,3,06:22 → 06:25,C30147 → C30274,6,Manhã Pico (06h–09h),True,JUSTIFICÁVEL
766,Volta,2025-11-25,2,1,16:25 → 16:26,C30236 → C30008,16,Tarde Fora-Pico (14h–16h),False,NÃO JUSTIFICÁVEL
774,Ida,2025-01-28,2,2,10:29 → 10:31,C27089 → B27152,10,Manhã Fora-Pico (10h–11h),False,NÃO JUSTIFICÁVEL
774,Ida,2025-06-06,2,2,08:53 → 08:55,B27092 → B27152,8,Manhã Pico (06h–09h),True,JUSTIFICÁVEL
774,Ida,2025-10-13,2,3,13:41 → 13:44,B27092 → B27164,13,Almoço (12h–13h),False,NÃO JUSTIFICÁVEL
774,Ida,2025-11-05,2,2,18:51 → 18:53,B27164 → B27226,18,Tarde Pico (17h–19h),True,JUSTIFICÁVEL
774,Volta,2024-12-21,2,3,07:20 → 07:23,B27185 → C27067,7,Manhã Pico (06h–09h),True,JUSTIFICÁVEL
774,Volta,2026-02-04,2,2,10:05 → 10:07,B27155 → B27108,10,Manhã Fora-Pico (10h–11h),False,NÃO JUSTIFICÁVEL
790,Volta,2026-01-26,2,2,16:47 → 16:49,D33001 → D33052,16,Tarde Fora-Pico (14h–16h),False,NÃO JUSTIFICÁVEL
794,Ida,2025-05-22,2,2,17:42 → 17:44,D13181 → D13254,17,Tarde Pico (17h–19h),True,JUSTIFICÁVEL
794,Ida,2025-11-12,2,3,06:16 → 06:19,D13021 → C13140,6,Manhã Pico (06h–09h),True,JUSTIFICÁVEL
802,Ida,2024-12-06,2,1,13:06 → 13:07,D86190 → D86315,13,Almoço (12h–13h),False,NÃO JUSTIFICÁVEL
802,Ida,2025-09-29,2,1,09:41 → 09:42,D86312 → D86324,9,Manhã Pico (06h–09h),True,JUSTIFICÁVEL
802,Volta,2024-11-18,2,0,08:52 → 08:52,D86196 → D86067,8,Manhã Pico (06h–09h),True,JUSTIFICÁVEL
803,Ida,2025-07-01,2,3,09:27 → 09:30,D13246 → D13262,9,Manhã Pico (06h–09h),True,JUSTIFICÁVEL
803,Ida,2026-03-27,2,1,06:29 → 06:30,D13001 → D13061,6,Manhã Pico (06h–09h),True,JUSTIFICÁVEL
803,Volta,2025-03-26,2,0,07:56 → 07:56,D13270 → D13282,7,Manhã Pico (06h–09h),True,JUSTIFICÁVEL
803,Volta,2025-07-28,2,0,06:33 → 06:33,D13290 → D13233,6,Manhã Pico (06h–09h),True,JUSTIFICÁVEL
803,Volta,2026-01-09,2,2,06:15 → 06:17,D13077 → D13052,6,Manhã Pico (06h–09h),True,JUSTIFICÁVEL
807,Ida,2025-07-08,2,2,12:45 → 12:47,D17051 → D17079,12,Almoço (12h–13h),False,NÃO JUSTIFICÁVEL
821,Volta,2025-10-04,2,2,00:42 → 00:44,D17075 → D17023,0,Madrugada (00h–05h),False,NÃO JUSTIFICÁVEL
835,Ida,2025-05-20,2,2,13:18 → 13:20,D86407 → D86151,13,Almoço (12h–13h),False,NÃO JUSTIFICÁVEL
835,Ida,2025-09-05,2,0,07:41 → 07:41,D86068 → D86072,7,Manhã Pico (06h–09h),True,JUSTIFICÁVEL
835,Ida,2025-09-08,2,3,06:53 → 06:56,D86159 → D86087,6,Manhã Pico (06h–09h),True,JUSTIFICÁVEL
835,Ida,2025-10-15,2,0,06:05 → 06:05,D86068 → D86087,6,Manhã Pico (06h–09h),True,JUSTIFICÁVEL
835,Ida,2025-11-10,2,2,06:05 → 06:07,D86064 → D86142,6,Manhã Pico (06h–09h),True,JUSTIFICÁVEL
835,Volta,2025-04-10,2,3,07:45 → 07:48,D86087 → D86141,7,Manhã Pico (06h–09h),True,JUSTIFICÁVEL
835,Volta,2025-05-13,2,1,09:48 → 09:49,D86351 → D86073,9,Manhã Pico (06h–09h),True,JUSTIFICÁVEL
835,Volta,2025-05-14,2,3,09:39 → 09:42,D86068 → D86141,9,Manhã Pico (06h–09h),True,JUSTIFICÁVEL
835,Volta,2025-09-04,2,3,06:45 → 06:48,D86160 → D86332,6,Manhã Pico (06h–09h),True,JUSTIFICÁVEL
8358,Ida,2024-12-13,2,0,18:33 → 18:33,D86064 → D86050,18,Tarde Pico (17h–19h),True,JUSTIFICÁVEL
8358,Ida,2025-01-07,2,2,13:48 → 13:50,D86223 → D86058,13,Almoço (12h–13h),False,NÃO JUSTIFICÁVEL
838,Ida,2025-01-16,2,1,14:18 → 14:19,D86112 → D86115,14,Tarde Fora-Pico (14h–16h),False,NÃO JUSTIFICÁVEL
838,Ida,2025-02-13,2,2,20:25 → 20:27,D86078 → D86096,20,Noite (20h–22h),False,NÃO JUSTIFICÁVEL
838,Ida,2025-02-15,2,3,05:17 → 05:20,D86137 → D86115,5,Madrugada (00h–05h),False,NÃO JUSTIFICÁVEL
838,Ida,2025-02-15,2,3,06:52 → 06:55,D86074 → D86246,6,Manhã Pico (06h–09h),True,JUSTIFICÁVEL
838,Ida,2025-02-22,2,3,17:00 → 17:03,D86123 → D86315,17,Tarde Pico (17h–19h),True,JUSTIFICÁVEL
838,Ida,2025-02-24,2,0,09:56 → 09:56,D86023 → D86184,9,Manhã Pico (06h–09h),True,JUSTIFICÁVEL
838,Ida,2025-04-01,2,3,07:39 → 07:42,D86017 → D86060,7,Manhã Pico (06h–09h),True,JUSTIFICÁVEL
838,Ida,2025-07-11,2,1,11:19 → 11:20,D86332 → D86246,11,Manhã Fora-Pico (10h–11h),False,NÃO JUSTIFICÁVEL
838,Ida,2026-01-17,2,3,21:46 → 21:49,D86053 → D86213,21,Noite (20h–22h),False,NÃO JUSTIFICÁVEL
838,Ida,2026-01-27,2,3,05:20 → 05:23,D86250 → D86179,5,Madrugada (00h–05h),False,NÃO JUSTIFICÁVEL
838,Volta,2025-02-22,2,0,06:56 → 06:56,D86137 → D86016,6,Manhã Pico (06h–09h),True,JUSTIFICÁVEL
838,Volta,2025-03-13,2,3,20:02 → 20:05,D86220 → D86163,20,Noite (20h–22h),False,NÃO JUSTIFICÁVEL
838,Volta,2025-04-03,2,0,13:00 → 13:00,D86134 → D86057,13,Almoço (12h–13h),False,NÃO JUSTIFICÁVEL
838,Volta,2025-04-29,2,2,13:53 → 13:55,D86115 → D86178,13,Almoço (12h–13h),False,NÃO JUSTIFICÁVEL
838,Volta,2025-05-06,2,1,20:50 → 20:51,D86096 → D86045,20,Noite (20h–22h),False,NÃO JUSTIFICÁVEL
838,Volta,2025-06-06,2,3,13:50 → 13:53,D86111 → D86067,13,Almoço (12h–13h),False,NÃO JUSTIFICÁVEL
838,Volta,2025-06-21,2,1,18:20 → 18:21,D86140 → D86246,18,Tarde Pico (17h–19h),True,JUSTIFICÁVEL
838,Volta,2025-06-23,2,1,05:44 → 05:45,D86184 → D86121,5,Madrugada (00h–05h),False,NÃO JUSTIFICÁVEL
838,Volta,2025-07-31,2,3,08:13 → 08:16,D86045 → D86248,8,Manhã Pico (06h–09h),True,JUSTIFICÁVEL
838,Volta,2025-08-02,2,0,06:15 → 06:15,D86123 → D86050,6,Manhã Pico (06h–09h),True,JUSTIFICÁVEL
838,Volta,2025-09-25,2,0,15:49 → 15:49,D86315 → D86064,15,Tarde Fora-Pico (14h–16h),False,NÃO JUSTIFICÁVEL
838,Volta,2025-10-27,2,3,15:59 → 16:02,D86183 → D86160,15,Tarde Fora-Pico (14h–16h),False,NÃO JUSTIFICÁVEL
838,Volta,2025-10-28,2,3,07:51 → 07:54,D86158 → D86315,7,Manhã Pico (06h–09h),True,JUSTIFICÁVEL
838,Volta,2025-11-17,2,1,09:27 → 09:28,D86253 → D86045,9,Manhã Pico (06h–09h),True,JUSTIFICÁVEL
838,Volta,2025-12-20,2,1,09:46 → 09:47,D86062 → D86155,9,Manhã Pico (06h–09h),True,JUSTIFICÁVEL
838,Volta,2026-01-21,2,0,13:23 → 13:23,D86315 → D86085,13,Almoço (12h–13h),False,NÃO JUSTIFICÁVEL
848,Ida,2025-09-24,2,1,16:23 → 16:24,D53623 → D53683,16,Tarde Fora-Pico (14h–16h),False,NÃO JUSTIFICÁVEL
852,Volta,2025-07-21,2,1,17:36 → 17:37,D86253 → D86333,17,Tarde Pico (17h–19h),True,JUSTIFICÁVEL
854,Ida,2026-02-05,2,2,08:42 → 08:44,D86118 → D86308,8,Manhã Pico (06h–09h),True,JUSTIFICÁVEL
862,Ida,2025-06-08,2,3,05:44 → 05:47,C47750 → C47755,5,Madrugada (00h–05h),False,NÃO JUSTIFICÁVEL
862,Ida,2025-06-25,2,3,05:11 → 05:14,C47823 → C47663,5,Madrugada (00h–05h),False,NÃO JUSTIFICÁVEL
862,Ida,2025-08-18,2,1,06:00 → 06:01,C47886 → C47777,6,Manhã Pico (06h–09h),True,JUSTIFICÁVEL
862,Ida,2025-10-15,2,3,16:19 → 16:22,C47764 → C47891,16,Tarde Fora-Pico (14h–16h),False,NÃO JUSTIFICÁVEL
862,Ida,2025-10-22,2,3,05:01 → 05:04,C47493 → C47625,5,Madrugada (00h–05h),False,NÃO JUSTIFICÁVEL
862,Ida,2025-10-24,2,0,05:59 → 05:59,C47480 → C47520,5,Madrugada (00h–05h),False,NÃO JUSTIFICÁVEL
862,Volta,2025-07-02,2,2,19:50 → 19:52,C47883 → C47771,19,Tarde Pico (17h–19h),True,JUSTIFICÁVEL
862,Volta,2025-09-26,2,0,08:07 → 08:07,C47764 → C47545,8,Manhã Pico (06h–09h),True,JUSTIFICÁVEL
863,Ida,2025-03-07,2,3,15:19 → 15:22,C47820 → C47837,15,Tarde Fora-Pico (14h–16h),False,NÃO JUSTIFICÁVEL
863,Ida,2025-03-25,2,3,11:23 → 11:26,C47835 → C47838,11,Manhã Fora-Pico (10h–11h),False,NÃO JUSTIFICÁVEL
863,Ida,2025-06-05,2,2,12:49 → 12:51,C47842 → C47844,12,Almoço (12h–13h),False,NÃO JUSTIFICÁVEL
863,Ida,2025-06-26,2,1,05:09 → 05:10,C47708 → C47850,5,Madrugada (00h–05h),False,NÃO JUSTIFICÁVEL
863,Ida,2025-11-01,2,3,09:08 → 09:11,C47721 → C47632,9,Manhã Pico (06h–09h),True,JUSTIFICÁVEL
863,Volta,2025-05-24,2,3,07:13 → 07:16,C47748 → C47614,7,Manhã Pico (06h–09h),True,JUSTIFICÁVEL
864,Ida,2024-12-04,2,2,09:11 → 09:13,D86108 → D86216,9,Manhã Pico (06h–09h),True,JUSTIFICÁVEL
864,Ida,2024-12-16,2,3,10:06 → 10:09,D86131 → D86216,10,Manhã Fora-Pico (10h–11h),False,NÃO JUSTIFICÁVEL
864,Ida,2025-01-04,2,2,18:21 → 18:23,D86139 → D86147,18,Tarde Pico (17h–19h),True,JUSTIFICÁVEL
864,Ida,2025-01-14,2,2,10:14 → 10:16,D86154 → D86105,10,Manhã Fora-Pico (10h–11h),False,NÃO JUSTIFICÁVEL
864,Ida,2025-01-14,2,1,15:13 → 15:14,D86213 → D86189,15,Tarde Fora-Pico (14h–16h),False,NÃO JUSTIFICÁVEL
864,Ida,2025-01-15,2,3,04:14 → 04:17,D86189 → D86146,4,Madrugada (00h–05h),False,NÃO JUSTIFICÁVEL
864,Ida,2025-03-12,2,1,15:17 → 15:18,D86195 → D86214,15,Tarde Fora-Pico (14h–16h),False,NÃO JUSTIFICÁVEL
864,Ida,2025-04-12,2,3,18:39 → 18:42,D86219 → D86131,18,Tarde Pico (17h–19h),True,JUSTIFICÁVEL
864,Ida,2025-04-18,2,2,10:56 → 10:58,D86103 → D86274,10,Manhã Fora-Pico (10h–11h),False,NÃO JUSTIFICÁVEL
864,Ida,2025-04-25,2,2,21:22 → 21:24,D86173 → D86201,21,Noite (20h–22h),False,NÃO JUSTIFICÁVEL
864,Ida,2025-04-28,3,3,09:27 → 09:28 → 09:30,D86190 → D86214 → D86140,9,Manhã Pico (06h–09h),True,JUSTIFICÁVEL
864,Ida,2025-05-26,2,2,12:42 → 12:44,D86201 → D86208,12,Almoço (12h–13h),False,NÃO JUSTIFICÁVEL
864,Ida,2025-05-29,2,1,06:16 → 06:17,D86042 → D86211,6,Manhã Pico (06h–09h),True,JUSTIFICÁVEL
864,Ida,2025-05-29,2,2,12:13 → 12:15,D86138 → D86190,12,Almoço (12h–13h),False,NÃO JUSTIFICÁVEL
864,Volta,2024-11-25,2,3,16:01 → 16:04,D86211 → D86194,16,Tarde Fora-Pico (14h–16h),False,NÃO JUSTIFICÁVEL
864,Volta,2024-11-26,2,2,12:59 → 13:01,D86108 → D86190,12,Almoço (12h–13h),False,NÃO JUSTIFICÁVEL
864,Volta,2024-12-01,2,2,10:17 → 10:19,D86163 → D86089,10,Manhã Fora-Pico (10h–11h),False,NÃO JUSTIFICÁVEL
864,Volta,2024-12-03,2,3,11:09 → 11:12,D86188 → D86196,11,Manhã Fora-Pico (10h–11h),False,NÃO JUSTIFICÁVEL
864,Volta,2024-12-09,2,1,05:42 → 05:43,D86161 → D86207,5,Madrugada (00h–05h),False,NÃO JUSTIFICÁVEL
864,Volta,2024-12-27,2,3,17:12 → 17:15,D86216 → D86273,17,Tarde Pico (17h–19h),True,JUSTIFICÁVEL
864,Volta,2025-01-12,2,3,11:42 → 11:45,D86196 → D86042,11,Manhã Fora-Pico (10h–11h),False,NÃO JUSTIFICÁVEL
864,Volta,2025-01-14,2,1,13:31 → 13:32,D86209 → D86142,13,Almoço (12h–13h),False,NÃO JUSTIFICÁVEL
864,Volta,2025-01-23,2,1,19:01 → 19:02,D86027 → D86188,19,Tarde Pico (17h–19h),True,JUSTIFICÁVEL
864,Volta,2025-01-24,2,1,16:44 → 16:45,D86029 → D86131,16,Tarde Fora-Pico (14h–16h),False,NÃO JUSTIFICÁVEL
864,Volta,2025-01-27,2,1,16:07 → 16:08,D86201 → D86208,16,Tarde Fora-Pico (14h–16h),False,NÃO JUSTIFICÁVEL
864,Volta,2025-02-03,2,1,08:54 → 08:55,D86190 → D86073,8,Manhã Pico (06h–09h),True,JUSTIFICÁVEL
864,Volta,2025-02-11,2,3,12:51 → 12:54,D86201 → D86303,12,Almoço (12h–13h),False,NÃO JUSTIFICÁVEL
864,Volta,2025-02-18,2,1,11:03 → 11:04,D86131 → D86089,11,Manhã Fora-Pico (10h–11h),False,NÃO JUSTIFICÁVEL
864,Volta,2025-02-19,2,3,11:18 → 11:21,D86208 → D86161,11,Manhã Fora-Pico (10h–11h),False,NÃO JUSTIFICÁVEL
864,Volta,2025-02-26,2,3,18:17 → 18:20,D86201 → D86154,18,Tarde Pico (17h–19h),True,JUSTIFICÁVEL
864,Volta,2025-03-01,2,2,20:10 → 20:12,D86208 → D86192,20,Noite (20h–22h),False,NÃO JUSTIFICÁVEL
864,Volta,2025-03-22,2,3,22:00 → 22:03,D86105 → D86061,22,Noite (20h–22h),False,NÃO JUSTIFICÁVEL
864,Volta,2025-04-04,2,3,12:41 → 12:44,D86108 → D86219,12,Almoço (12h–13h),False,NÃO JUSTIFICÁVEL
864,Volta,2025-04-10,2,3,12:39 → 12:42,D86116 → D86197,12,Almoço (12h–13h),False,NÃO JUSTIFICÁVEL
864,Volta,2025-04-24,2,0,15:34 → 15:34,D86108 → D86198,15,Tarde Fora-Pico (14h–16h),False,NÃO JUSTIFICÁVEL
864,Volta,2025-04-30,2,2,16:14 → 16:16,D86116 → D86060,16,Tarde Fora-Pico (14h–16h),False,NÃO JUSTIFICÁVEL
864,Volta,2025-05-08,2,0,05:23 → 05:23,D86211 → D86201,5,Madrugada (00h–05h),False,NÃO JUSTIFICÁVEL
864,Volta,2025-05-09,2,3,17:30 → 17:33,D86214 → D86219,17,Tarde Pico (17h–19h),True,JUSTIFICÁVEL
864,Volta,2025-05-10,2,2,20:19 → 20:21,D86119 → D86162,20,Noite (20h–22h),False,NÃO JUSTIFICÁVEL
864,Volta,2025-05-24,2,3,05:34 → 05:37,D86138 → D86147,5,Madrugada (00h–05h),False,NÃO JUSTIFICÁVEL
864,Volta,2025-06-01,2,1,13:05 → 13:06,D86116 → D86291,13,Almoço (12h–13h),False,NÃO JUSTIFICÁVEL
867,Ida,2025-03-24,2,3,15:51 → 15:54,D86049 → D86295,15,Tarde Fora-Pico (14h–16h),False,NÃO JUSTIFICÁVEL
867,Ida,2025-04-26,2,2,17:34 → 17:36,D86186 → D86299,17,Tarde Pico (17h–19h),True,JUSTIFICÁVEL
870,Volta,2025-10-19,2,3,13:48 → 13:51,D53595 → D17033,13,Almoço (12h–13h),False,NÃO JUSTIFICÁVEL
871,Volta,2025-02-04,2,1,08:38 → 08:39,D86014 → D86016,8,Manhã Pico (06h–09h),True,JUSTIFICÁVEL
871,Volta,2025-10-06,2,1,21:05 → 21:06,D86061 → D86024,21,Noite (20h–22h),False,NÃO JUSTIFICÁVEL
878,Ida,2025-04-14,2,2,05:20 → 05:22,D13081 → D13133,5,Madrugada (00h–05h),False,NÃO JUSTIFICÁVEL
878,Volta,2025-04-05,2,1,06:53 → 06:54,D13165 → D13083,6,Manhã Pico (06h–09h),True,JUSTIFICÁVEL
878,Volta,2025-04-09,2,3,05:23 → 05:26,D13160 → D13134,5,Madrugada (00h–05h),False,NÃO JUSTIFICÁVEL
878,Volta,2025-09-02,2,2,17:54 → 17:56,D13120 → D13134,17,Tarde Pico (17h–19h),True,JUSTIFICÁVEL
880,Ida,2025-04-19,2,3,13:08 → 13:11,C47675 → C47680,13,Almoço (12h–13h),False,NÃO JUSTIFICÁVEL
880,Ida,2025-07-22,2,2,05:11 → 05:13,C47883 → C47667,5,Madrugada (00h–05h),False,NÃO JUSTIFICÁVEL
880,Ida,2025-09-24,2,1,08:45 → 08:46,C47625 → C47493,8,Manhã Pico (06h–09h),True,JUSTIFICÁVEL
880,Ida,2025-10-03,2,3,17:08 → 17:11,C47818 → C47844,17,Tarde Pico (17h–19h),True,JUSTIFICÁVEL
880,Volta,2025-01-24,2,2,16:04 → 16:06,C47706 → C47696,16,Tarde Fora-Pico (14h–16h),False,NÃO JUSTIFICÁVEL
880,Volta,2025-09-19,2,2,05:43 → 05:45,C47843 → C47493,5,Madrugada (00h–05h),False,NÃO JUSTIFICÁVEL
883,Volta,2026-02-05,2,2,06:51 → 06:53,D86361 → D86367,6,Manhã Pico (06h–09h),True,JUSTIFICÁVEL
884,Ida,2025-12-15,2,0,17:40 → 17:40,D86051 → D86075,17,Tarde Pico (17h–19h),True,JUSTIFICÁVEL
884,Ida,2026-01-22,2,3,06:04 → 06:07,D86172 → D86155,6,Manhã Pico (06h–09h),True,JUSTIFICÁVEL
897,Ida,2025-01-13,2,3,05:18 → 05:21,D86205 → D86338,5,Madrugada (00h–05h),False,NÃO JUSTIFICÁVEL
897,Ida,2025-04-01,2,2,06:07 → 06:09,D86109 → D86338,6,Manhã Pico (06h–09h),True,JUSTIFICÁVEL
897,Ida,2025-04-09,2,2,05:51 → 05:53,D86080 → D86176,5,Madrugada (00h–05h),False,NÃO JUSTIFICÁVEL
897,Ida,2025-07-08,2,2,18:36 → 18:38,D86188 → D86246,18,Tarde Pico (17h–19h),True,JUSTIFICÁVEL
897,Volta,2025-01-13,2,3,05:44 → 05:47,D86338 → D86270,5,Madrugada (00h–05h),False,NÃO JUSTIFICÁVEL
897,Volta,2025-05-29,2,0,15:01 → 15:01,D86204 → D86270,15,Tarde Fora-Pico (14h–16h),False,NÃO JUSTIFICÁVEL
897,Volta,2025-12-15,2,0,20:10 → 20:10,D86270 → D86338,20,Noite (20h–22h),False,NÃO JUSTIFICÁVEL
900,Ida,2025-06-30,2,2,21:02 → 21:04,C30376 → C30335,21,Noite (20h–22h),False,NÃO JUSTIFICÁVEL
900,Volta,2025-12-01,2,3,22:03 → 22:06,D13084 → D13054,22,Noite (20h–22h),False,NÃO JUSTIFICÁVEL
900,Volta,2025-12-02,2,1,20:19 → 20:20,D13110 → C30374,20,Noite (20h–22h),False,NÃO JUSTIFICÁVEL
905,Ida,2025-04-04,2,2,08:44 → 08:46,B27061 → B27009,8,Manhã Pico (06h–09h),True,JUSTIFICÁVEL
905,Volta,2026-03-30,2,3,14:44 → 14:47,C27112 → B27075,14,Tarde Fora-Pico (14h–16h),False,NÃO JUSTIFICÁVEL
908,Volta,2025-10-03,2,2,15:02 → 15:04,B11639 → B11638,15,Tarde Fora-Pico (14h–16h),False,NÃO JUSTIFICÁVEL
917,Ida,2025-04-25,2,2,10:30 → 10:32,B51543 → B51533,10,Manhã Fora-Pico (10h–11h),False,NÃO JUSTIFICÁVEL
917,Volta,2025-02-26,2,3,09:33 → 09:36,B51585 → B51583,9,Manhã Pico (06h–09h),True,JUSTIFICÁVEL
950,Ida,2025-01-17,2,3,14:47 → 14:50,B27042 → C27214,14,Tarde Fora-Pico (14h–16h),False,NÃO JUSTIFICÁVEL
LECD121,Ida,2025-06-07,2,2,12:58 → 13:00,D86295 → D86291,12,Almoço (12h–13h),False,NÃO JUSTIFICÁVEL
LECD121,Ida,2025-07-12,2,2,20:39 → 20:41,D13094 → D86341,20,Noite (20h–22h),False,NÃO JUSTIFICÁVEL
LECD121,Ida,2026-02-01,2,2,17:48 → 17:50,D86345 → D86098,17,Tarde Pico (17h–19h),True,JUSTIFICÁVEL
LECD121,Volta,2025-07-08,2,2,16:39 → 16:41,nan → D86326,16,Tarde Fora-Pico (14h–16h),False,NÃO JUSTIFICÁVEL
LECD121,Volta,2025-07-10,2,1,09:46 → 09:47,nan → D13114,9,Manhã Pico (06h–09h),True,JUSTIFICÁVEL
LECD122,Ida,2025-07-17,2,1,14:40 → 14:41,D86141 → D86023,14,Tarde Fora-Pico (14h–16h),False,NÃO JUSTIFICÁVEL
LECD122,Ida,2025-07-31,2,3,11:11 → 11:14,D86201 → D86209,11,Manhã Fora-Pico (10h–11h),False,NÃO JUSTIFICÁVEL
LECD122,Ida,2025-08-03,2,3,19:36 → 19:39,D86213 → D86189,19,Tarde Pico (17h–19h),True,JUSTIFICÁVEL
LECD122,Ida,2025-09-05,2,3,09:43 → 09:46,D86017 → D86001,9,Manhã Pico (06h–09h),True,JUSTIFICÁVEL
LECD122,Ida,2025-09-22,2,2,05:03 → 05:05,D86121 → D86003,5,Madrugada (00h–05h),False,NÃO JUSTIFICÁVEL
LECD122,Ida,2025-09-23,2,2,12:37 → 12:39,D86009 → D86003,12,Almoço (12h–13h),False,NÃO JUSTIFICÁVEL
LECD122,Ida,2025-09-27,2,1,09:27 → 09:28,D86015 → D86004,9,Manhã Pico (06h–09h),True,JUSTIFICÁVEL
LECD122,Ida,2026-01-07,2,3,16:51 → 16:54,D86003 → D86011,16,Tarde Fora-Pico (14h–16h),False,NÃO JUSTIFICÁVEL
LECD122,Volta,2025-06-25,2,3,07:57 → 08:00,D86212 → D86192,7,Manhã Pico (06h–09h),True,JUSTIFICÁVEL
LECD122,Volta,2025-08-07,2,1,09:53 → 09:54,D86116 → D86189,9,Manhã Pico (06h–09h),True,JUSTIFICÁVEL
LECD122,Volta,2025-09-11,2,3,20:01 → 20:04,D86002 → D86007,20,Noite (20h–22h),False,NÃO JUSTIFICÁVEL
LECD122,Volta,2025-10-02,3,4,08:06 → 08:08 → 08:10,D86004 → D86001 → D86017,8,Manhã Pico (06h–09h),True,JUSTIFICÁVEL
LECD122,Volta,2025-11-09,2,3,12:35 → 12:38,D86004 → D86013,12,Almoço (12h–13h),False,NÃO JUSTIFICÁVEL
LECD131,Volta,2026-03-19,2,0,21:18 → 21:18,A72084 → A72030,21,Noite (20h–22h),False,NÃO JUSTIFICÁVEL
LECD96,Ida,2025-02-04,2,3,20:09 → 20:12,A27610 → A27538,20,Noite (20h–22h),False,NÃO JUSTIFICÁVEL
SN483,Ida,2026-03-13,2,1,22:34 → 22:35,B31087 → B31010,22,Noite (20h–22h),False,NÃO JUSTIFICÁVEL
SP265,Volta,2025-11-14,2,2,12:35 → 12:37,B32717 → C27200,12,Almoço (12h–13h),False,NÃO JUSTIFICÁVEL
SP759,Volta,2025-08-18,2,2,05:10 → 05:12,D53638 → D53608,5,Madrugada (00h–05h),False,NÃO JUSTIFICÁVEL
SP803,Ida,2025-05-21,2,1,17:47 → 17:48,D13237 → D13171,17,Tarde Pico (17h–19h),True,JUSTIFICÁVEL
SP805,Volta,2025-01-18,2,1,12:29 → 12:30,C50137 → C50094,12,Almoço (12h–13h),False,NÃO JUSTIFICÁVEL
SP805,Volta,2025-01-22,2,1,15:36 → 15:37,C50011 → C50094,15,Tarde Fora-Pico (14h–16h),False,NÃO JUSTIFICÁVEL
SPA550,Volta,2026-04-09,2,3,15:28 → 15:31,C30362 → C30194,15,Tarde Fora-Pico (14h–16h),False,NÃO JUSTIFICÁVEL
SPA613,Ida,2025-01-31,2,3,17:42 → 17:45,C47607 → C47853,17,Tarde Pico (17h–19h),True,JUSTIFICÁVEL
SV606,Ida,2026-04-04,2,0,08:00 → 08:00,B25581 → B25602,8,Manhã Pico (06h–09h),True,JUSTIFICÁVEL
SV774,Ida,2025-04-24,2,3,12:11 → 12:14,B27031 → B27066,12,Almoço (12h–13h),False,NÃO JUSTIFICÁVEL
SV774,Volta,2024-11-27,2,0,19:12 → 19:12,B27031 → B27190,19,Tarde Pico (17h–19h),True,JUSTIFICÁVEL
SV774,Volta,2025-02-21,2,1,15:07 → 15:08,B27188 → C27081,15,Tarde Fora-Pico (14h–16h),False,NÃO JUSTIFICÁVEL
SV774,Volta,2026-02-26,2,1,13:53 → 13:54,C27086 → C27195,13,Almoço (12h–13h),False,NÃO JUSTIFICÁVEL
SV863,Ida,2025-01-14,2,1,08:59 → 09:00,C47822 → C47830,8,Manhã Pico (06h–09h),True,JUSTIFICÁVEL
SV863,Ida,2025-11-25,3,2,06:30 → 06:31 → 06:32,C47634 → C47665 → C47880,6,Manhã Pico (06h–09h),True,JUSTIFICÁVEL
SV863,Ida,2025-11-28,2,3,15:58 → 16:01,C47734 → C47493,15,Tarde Fora-Pico (14h–16h),False,NÃO JUSTIFICÁVEL
